row,col,std,custom,similarity,match
0,0,Indefinido,Indofinldo,0.8,False
0,1,,,1.0,True
0,2,,,1.0,True
0,3,,,1.0,True
0,4,,,1.0,True
0,5,,,1.0,True
0,6,,,1.0,True
0,7,,,1.0,True
0,8,,,1.0,True
0,9,,,1.0,True
0,10,,,1.0,True
0,11,,,1.0,True
0,12,,,1.0,True
0,13,,,1.0,True
0,14,,,1.0,True
0,15,,,1.0,True
0,16,,,1.0,True
0,17,,,1.0,True
0,18,,,1.0,True
0,19,,,1.0,True
0,20,,,1.0,True
0,21,,,1.0,True
0,22,,,1.0,True
0,23,,,1.0,True
0,24,,,1.0,True
0,25,,,1.0,True
0,26,,,1.0,True
0,27,,,1.0,True
0,28,,,1.0,True
0,29,,,1.0,True
0,30,,,1.0,True
0,31,,,1.0,True
0,32,,,1.0,True
0,33,,,1.0,True
0,34,,,1.0,True
0,35,,,1.0,True
0,36,,,1.0,True
0,37,,,1.0,True
0,38,,,1.0,True
0,39,,,1.0,True
0,40,,,1.0,True
0,41,,,1.0,True
0,42,,,1.0,True
0,43,,,1.0,True
0,44,,,1.0,True
0,45,,,1.0,True
0,46,,,1.0,True
0,47,,,1.0,True
0,48,,,1.0,True
0,49,,,1.0,True
0,50,,,1.0,True
0,51,,,1.0,True
0,52,,,1.0,True
0,53,,,1.0,True
0,54,,,1.0,True
0,55,,,1.0,True
0,56,,,1.0,True
0,57,,,1.0,True
0,58,,,1.0,True
0,59,,,1.0,True
0,60,,,1.0,True
0,61,,,1.0,True
1,0,,Cieasa,0.0,False
1,1,,,1.0,True
1,2,,,1.0,True
1,3,,,1.0,True
1,4,,,1.0,True
1,5,,,1.0,True
1,6,,,1.0,True
1,7,,,1.0,True
1,8,,,1.0,True
1,9,,,1.0,True
1,10,,,1.0,True
1,11,,,1.0,True
1,12,,,1.0,True
1,13,,,1.0,True
1,14,,,1.0,True
1,15,,,1.0,True
1,16,,,1.0,True
1,17,,,1.0,True
1,18,,,1.0,True
1,19,,,1.0,True
1,20,,,1.0,True
1,21,,,1.0,True
1,22,,,1.0,True
1,23,,,1.0,True
1,24,,,1.0,True
1,25,,,1.0,True
1,26,,,1.0,True
1,27,,,1.0,True
1,28,,,1.0,True
1,29,,,1.0,True
1,30,,,1.0,True
1,31,,,1.0,True
1,32,,,1.0,True
1,33,,,1.0,True
1,34,,,1.0,True
1,35,,,1.0,True
1,36,,,1.0,True
1,37,,,1.0,True
1,38,,,1.0,True
1,39,,,1.0,True
1,40,,,1.0,True
1,41,,,1.0,True
1,42,,,1.0,True
1,43,,,1.0,True
1,44,,,1.0,True
1,45,,,1.0,True
1,46,,,1.0,True
1,47,,,1.0,True
1,48,,,1.0,True
1,49,,,1.0,True
1,50,,,1.0,True
1,51,,,1.0,True
1,52,,,1.0,True
1,53,,,1.0,True
1,54,,,1.0,True
1,55,,,1.0,True
1,56,,,1.0,True
1,57,,,1.0,True
1,58,,,1.0,True
1,59,,,1.0,True
1,60,,,1.0,True
1,61,,,1.0,True
2,0,Cepillo,Cepillo,1.0,True
2,1,,,1.0,True
2,2,,,1.0,True
2,3,,,1.0,True
2,4,,,1.0,True
2,5,,,1.0,True
2,6,,,1.0,True
2,7,,,1.0,True
2,8,,,1.0,True
2,9,,,1.0,True
2,10,,,1.0,True
2,11,,,1.0,True
2,12,,,1.0,True
2,13,,,1.0,True
2,14,,,1.0,True
2,15,,,1.0,True
2,16,,,1.0,True
2,17,,,1.0,True
2,18,,,1.0,True
2,19,,,1.0,True
2,20,,,1.0,True
2,21,,,1.0,True
2,22,,,1.0,True
2,23,,,1.0,True
2,24,,,1.0,True
2,25,,,1.0,True
2,26,,,1.0,True
2,27,,,1.0,True
2,28,,,1.0,True
2,29,,,1.0,True
2,30,,,1.0,True
2,31,,,1.0,True
2,32,,,1.0,True
2,33,,,1.0,True
2,34,,,1.0,True
2,35,,,1.0,True
2,36,,,1.0,True
2,37,,,1.0,True
2,38,,,1.0,True
2,39,,,1.0,True
2,40,,,1.0,True
2,41,,,1.0,True
2,42,,,1.0,True
2,43,,,1.0,True
2,44,,,1.0,True
2,45,,,1.0,True
2,46,,,1.0,True
2,47,,,1.0,True
2,48,,,1.0,True
2,49,,,1.0,True
2,50,,,1.0,True
2,51,,,1.0,True
2,52,,,1.0,True
2,53,,,1.0,True
2,54,,,1.0,True
2,55,,,1.0,True
2,56,,,1.0,True
2,57,,,1.0,True
2,58,,,1.0,True
2,59,,,1.0,True
2,60,,,1.0,True
2,61,,,1.0,True
3,0,Resto,Resto,1.0,True
3,1,,,1.0,True
3,2,,,1.0,True
3,3,,,1.0,True
3,4,,,1.0,True
3,5,,,1.0,True
3,6,,,1.0,True
3,7,,,1.0,True
3,8,,,1.0,True
3,9,,,1.0,True
3,10,,,1.0,True
3,11,,,1.0,True
3,12,,,1.0,True
3,13,,,1.0,True
3,14,,,1.0,True
3,15,,,1.0,True
3,16,,,1.0,True
3,17,,,1.0,True
3,18,,,1.0,True
3,19,,,1.0,True
3,20,,,1.0,True
3,21,,,1.0,True
3,22,,,1.0,True
3,23,,,1.0,True
3,24,,,1.0,True
3,25,,,1.0,True
3,26,,,1.0,True
3,27,,,1.0,True
3,28,,,1.0,True
3,29,,,1.0,True
3,30,,,1.0,True
3,31,,,1.0,True
3,32,,,1.0,True
3,33,,,1.0,True
3,34,,,1.0,True
3,35,,,1.0,True
3,36,,,1.0,True
3,37,,,1.0,True
3,38,,,1.0,True
3,39,,,1.0,True
3,40,,,1.0,True
3,41,,,1.0,True
3,42,,,1.0,True
3,43,,,1.0,True
3,44,,,1.0,True
3,45,,,1.0,True
3,46,,,1.0,True
3,47,,,1.0,True
3,48,,,1.0,True
3,49,,,1.0,True
3,50,,,1.0,True
3,51,,,1.0,True
3,52,,,1.0,True
3,53,,,1.0,True
3,54,,,1.0,True
3,55,,,1.0,True
3,56,,,1.0,True
3,57,,,1.0,True
3,58,,,1.0,True
3,59,,,1.0,True
3,60,,,1.0,True
3,61,,,1.0,True
4,0,Lamina,Lámina,0.833,False
4,1,,,1.0,True
4,2,,,1.0,True
4,3,,,1.0,True
4,4,,,1.0,True
4,5,,,1.0,True
4,6,,,1.0,True
4,7,,,1.0,True
4,8,,,1.0,True
4,9,,,1.0,True
4,10,,,1.0,True
4,11,,,1.0,True
4,12,,,1.0,True
4,13,,,1.0,True
4,14,,,1.0,True
4,15,,,1.0,True
4,16,,,1.0,True
4,17,,,1.0,True
4,18,,,1.0,True
4,19,,,1.0,True
4,20,,,1.0,True
4,21,,,1.0,True
4,22,,,1.0,True
4,23,,,1.0,True
4,24,,,1.0,True
4,25,,,1.0,True
4,26,,,1.0,True
4,27,,,1.0,True
4,28,,,1.0,True
4,29,,,1.0,True
4,30,,,1.0,True
4,31,,,1.0,True
4,32,,,1.0,True
4,33,,,1.0,True
4,34,,,1.0,True
4,35,,,1.0,True
4,36,,,1.0,True
4,37,,,1.0,True
4,38,,,1.0,True
4,39,,,1.0,True
4,40,,,1.0,True
4,41,,,1.0,True
4,42,,,1.0,True
4,43,,,1.0,True
4,44,,,1.0,True
4,45,,,1.0,True
4,46,,,1.0,True
4,47,,,1.0,True
4,48,,,1.0,True
4,49,,,1.0,True
4,50,,,1.0,True
4,51,,,1.0,True
4,52,,,1.0,True
4,53,,,1.0,True
4,54,,,1.0,True
4,55,,,1.0,True
4,56,,,1.0,True
4,57,,,1.0,True
4,58,,,1.0,True
4,59,,,1.0,True
4,60,,,1.0,True
4,61,,,1.0,True
5,0,,R5ss7,0.0,False
5,1,,,1.0,True
5,2,,,1.0,True
5,3,,,1.0,True
5,4,,,1.0,True
5,5,,,1.0,True
5,6,,,1.0,True
5,7,,,1.0,True
5,8,,,1.0,True
5,9,,,1.0,True
5,10,,,1.0,True
5,11,,,1.0,True
5,12,,,1.0,True
5,13,,,1.0,True
5,14,,,1.0,True
5,15,,,1.0,True
5,16,,,1.0,True
5,17,,,1.0,True
5,18,,,1.0,True
5,19,,,1.0,True
5,20,,,1.0,True
5,21,,,1.0,True
5,22,,,1.0,True
5,23,,,1.0,True
5,24,,,1.0,True
5,25,,,1.0,True
5,26,,,1.0,True
5,27,,,1.0,True
5,28,,,1.0,True
5,29,,,1.0,True
5,30,,,1.0,True
5,31,,,1.0,True
5,32,,,1.0,True
5,33,,,1.0,True
5,34,,,1.0,True
5,35,,,1.0,True
5,36,,,1.0,True
5,37,,,1.0,True
5,38,,,1.0,True
5,39,,,1.0,True
5,40,,,1.0,True
5,41,,,1.0,True
5,42,,,1.0,True
5,43,,,1.0,True
5,44,,,1.0,True
5,45,,,1.0,True
5,46,,Co,0.0,False
5,47,,,1.0,True
5,48,,,1.0,True
5,49,,,1.0,True
5,50,6,o,0.0,False
5,51,,,1.0,True
5,52,,,1.0,True
5,53,,,1.0,True
5,54,,,1.0,True
5,55,,,1.0,True
5,56,,,1.0,True
5,57,,,1.0,True
5,58,,,1.0,True
5,59,,,1.0,True
5,60,,,1.0,True
5,61,,,1.0,True
6,0,Cepilla,Cepillo,0.857,False
6,1,,,1.0,True
6,2,,,1.0,True
6,3,,,1.0,True
6,4,,,1.0,True
6,5,,,1.0,True
6,6,,,1.0,True
6,7,,,1.0,True
6,8,,,1.0,True
6,9,,,1.0,True
6,10,,,1.0,True
6,11,,,1.0,True
6,12,,,1.0,True
6,13,,,1.0,True
6,14,,,1.0,True
6,15,,,1.0,True
6,16,,,1.0,True
6,17,,,1.0,True
6,18,,,1.0,True
6,19,,,1.0,True
6,20,,,1.0,True
6,21,,,1.0,True
6,22,,,1.0,True
6,23,,,1.0,True
6,24,,,1.0,True
6,25,,,1.0,True
6,26,,,1.0,True
6,27,,,1.0,True
6,28,,,1.0,True
6,29,,,1.0,True
6,30,,,1.0,True
6,31,,,1.0,True
6,32,,,1.0,True
6,33,,,1.0,True
6,34,,,1.0,True
6,35,,,1.0,True
6,36,,,1.0,True
6,37,,,1.0,True
6,38,,,1.0,True
6,39,,,1.0,True
6,40,,,1.0,True
6,41,,,1.0,True
6,42,,,1.0,True
6,43,,,1.0,True
6,44,,,1.0,True
6,45,,,1.0,True
6,46,,,1.0,True
6,47,,,1.0,True
6,48,,,1.0,True
6,49,,,1.0,True
6,50,,,1.0,True
6,51,,,1.0,True
6,52,,,1.0,True
6,53,,,1.0,True
6,54,,,1.0,True
6,55,,,1.0,True
6,56,,,1.0,True
6,57,,,1.0,True
6,58,,,1.0,True
6,59,,,1.0,True
6,60,,,1.0,True
6,61,,,1.0,True
7,0,anbuna Percutor.,anbunA Porcutorl,0.812,False
7,1,,,1.0,True
7,2,,,1.0,True
7,3,,,1.0,True
7,4,,,1.0,True
7,5,,,1.0,True
7,6,,,1.0,True
7,7,,,1.0,True
7,8,,,1.0,True
7,9,,,1.0,True
7,10,,,1.0,True
7,11,,,1.0,True
7,12,,,1.0,True
7,13,,,1.0,True
7,14,,,1.0,True
7,15,,,1.0,True
7,16,,,1.0,True
7,17,,,1.0,True
7,18,,,1.0,True
7,19,,,1.0,True
7,20,,,1.0,True
7,21,,,1.0,True
7,22,,,1.0,True
7,23,,,1.0,True
7,24,,,1.0,True
7,25,,,1.0,True
7,26,,,1.0,True
7,27,,,1.0,True
7,28,,,1.0,True
7,29,,,1.0,True
7,30,,,1.0,True
7,31,,,1.0,True
7,32,,,1.0,True
7,33,,,1.0,True
7,34,,,1.0,True
7,35,,,1.0,True
7,36,,,1.0,True
7,37,,,1.0,True
7,38,,,1.0,True
7,39,,,1.0,True
7,40,,,1.0,True
7,41,,,1.0,True
7,42,,,1.0,True
7,43,,,1.0,True
7,44,,,1.0,True
7,45,,,1.0,True
7,46,,,1.0,True
7,47,,,1.0,True
7,48,,,1.0,True
7,49,,,1.0,True
7,50,,,1.0,True
7,51,,,1.0,True
7,52,,,1.0,True
7,53,,,1.0,True
7,54,,,1.0,True
7,55,,,1.0,True
7,56,,,1.0,True
7,57,,,1.0,True
7,58,,,1.0,True
7,59,,,1.0,True
7,60,,,1.0,True
7,61,,,1.0,True
8,0,,ouibuN,0.0,False
8,1,,,1.0,True
8,2,,,1.0,True
8,3,,,1.0,True
8,4,,,1.0,True
8,5,,,1.0,True
8,6,,,1.0,True
8,7,,,1.0,True
8,8,,,1.0,True
8,9,,,1.0,True
8,10,,,1.0,True
8,11,,,1.0,True
8,12,,,1.0,True
8,13,,,1.0,True
8,14,,,1.0,True
8,15,,,1.0,True
8,16,,,1.0,True
8,17,,,1.0,True
8,18,,,1.0,True
8,19,,,1.0,True
8,20,,,1.0,True
8,21,,,1.0,True
8,22,,,1.0,True
8,23,,,1.0,True
8,24,,,1.0,True
8,25,,,1.0,True
8,26,,,1.0,True
8,27,,,1.0,True
8,28,,,1.0,True
8,29,,,1.0,True
8,30,,,1.0,True
8,31,,,1.0,True
8,32,,,1.0,True
8,33,,,1.0,True
8,34,,,1.0,True
8,35,,,1.0,True
8,36,,,1.0,True
8,37,,,1.0,True
8,38,,,1.0,True
8,39,,,1.0,True
8,40,,,1.0,True
8,41,,,1.0,True
8,42,,,1.0,True
8,43,,,1.0,True
8,44,,,1.0,True
8,45,,,1.0,True
8,46,,,1.0,True
8,47,,,1.0,True
8,48,,,1.0,True
8,49,,,1.0,True
8,50,,,1.0,True
8,51,,,1.0,True
8,52,,,1.0,True
8,53,,,1.0,True
8,54,,,1.0,True
8,55,,,1.0,True
8,56,,,1.0,True
8,57,,,1.0,True
8,58,,,1.0,True
8,59,,,1.0,True
8,60,,,1.0,True
8,61,,,1.0,True
9,0,Nodulo,Nódulo,0.833,False
9,1,,,1.0,True
9,2,,,1.0,True
9,3,,,1.0,True
9,4,,,1.0,True
9,5,,,1.0,True
9,6,,,1.0,True
9,7,,,1.0,True
9,8,,,1.0,True
9,9,,,1.0,True
9,10,,,1.0,True
9,11,,,1.0,True
9,12,,,1.0,True
9,13,,,1.0,True
9,14,,,1.0,True
9,15,,,1.0,True
9,16,,,1.0,True
9,17,,,1.0,True
9,18,,,1.0,True
9,19,,,1.0,True
9,20,,,1.0,True
9,21,,,1.0,True
9,22,,,1.0,True
9,23,,,1.0,True
9,24,,,1.0,True
9,25,,,1.0,True
9,26,,,1.0,True
9,27,,,1.0,True
9,28,,,1.0,True
9,29,,,1.0,True
9,30,,,1.0,True
9,31,,,1.0,True
9,32,,,1.0,True
9,33,,,1.0,True
9,34,,,1.0,True
9,35,,,1.0,True
9,36,,,1.0,True
9,37,,,1.0,True
9,38,,,1.0,True
9,39,,,1.0,True
9,40,,,1.0,True
9,41,,,1.0,True
9,42,,,1.0,True
9,43,,,1.0,True
9,44,,,1.0,True
9,45,,,1.0,True
9,46,,,1.0,True
9,47,,,1.0,True
9,48,,,1.0,True
9,49,,,1.0,True
9,50,,,1.0,True
9,51,,,1.0,True
9,52,,,1.0,True
9,53,,,1.0,True
9,54,,,1.0,True
9,55,,,1.0,True
9,56,,,1.0,True
9,57,,,1.0,True
9,58,,,1.0,True
9,59,,,1.0,True
9,60,,,1.0,True
9,61,,,1.0,True
10,0,,,1.0,True
10,1,CERAMICA TOTAL,CERA mLOA TOTAL,0.759,False
10,2,675,675,1.0,True
10,3,8,o,0.0,False
10,4,,,1.0,True
10,5,,,1.0,True
10,6,,,1.0,True
10,7,,,1.0,True
10,8,,,1.0,True
10,9,,,1.0,True
10,10,,,1.0,True
10,11,,,1.0,True
10,12,,O,0.0,False
10,13,,0o,0.0,False
10,14,,,1.0,True
10,15,23,23,1.0,True
10,16,,,1.0,True
10,17,,C,0.0,False
10,18,,,1.0,True
10,19,6,o,0.0,False
10,20,,,1.0,True
10,21,22 -,22,0.667,False
10,22,,8,0.0,False
10,23,,,1.0,True
10,24,,,1.0,True
10,25,,,1.0,True
10,26,,,1.0,True
10,27,C,D,0.0,False
10,28,,,1.0,True
10,29,,,1.0,True
10,30,,,1.0,True
10,31,,,1.0,True
10,32,,,1.0,True
10,33,,,1.0,True
10,34,28,28,1.0,True
10,35,,,1.0,True
10,36,S,o,0.0,False
10,37,,,1.0,True
10,38,,,1.0,True
10,39,,,1.0,True
10,40,,,1.0,True
10,41,6,o,0.0,False
10,42,,,1.0,True
10,43,,,1.0,True
10,44,,E,0.0,False
10,45,,C,0.0,False
10,46,,,1.0,True
10,47,,,1.0,True
10,48,6,,0.0,False
10,49,18,,0.0,False
10,50,,,1.0,True
10,51,,,1.0,True
10,52,,AJ,0.0,False
10,53,,,1.0,True
10,54,,,1.0,True
10,55,,,1.0,True
10,56,,,1.0,True
10,57,,,1.0,True
10,58,,,1.0,True
10,59,,,1.0,True
10,60,5,D,0.0,False
10,61,,,1.0,True
11,0,Indefinidos,Inaeainidos,0.818,False
11,1,,,1.0,True
11,2,,,1.0,True
11,3,,,1.0,True
11,4,,,1.0,True
11,5,,,1.0,True
11,6,,,1.0,True
11,7,,,1.0,True
11,8,,,1.0,True
11,9,,,1.0,True
11,10,,,1.0,True
11,11,,,1.0,True
11,12,,,1.0,True
11,13,,,1.0,True
11,14,,,1.0,True
11,15,,,1.0,True
11,16,,,1.0,True
11,17,,,1.0,True
11,18,,,1.0,True
11,19,,,1.0,True
11,20,,,1.0,True
11,21,,,1.0,True
11,22,,,1.0,True
11,23,,,1.0,True
11,24,,,1.0,True
11,25,,,1.0,True
11,26,,,1.0,True
11,27,,,1.0,True
11,28,,,1.0,True
11,29,,,1.0,True
11,30,,,1.0,True
11,31,,,1.0,True
11,32,,,1.0,True
11,33,,,1.0,True
11,34,,,1.0,True
11,35,,,1.0,True
11,36,,,1.0,True
11,37,,,1.0,True
11,38,,,1.0,True
11,39,,,1.0,True
11,40,,,1.0,True
11,41,,,1.0,True
11,42,,,1.0,True
11,43,,,1.0,True
11,44,,,1.0,True
11,45,,,1.0,True
11,46,,,1.0,True
11,47,,,1.0,True
11,48,,,1.0,True
11,49,,,1.0,True
11,50,,,1.0,True
11,51,,,1.0,True
11,52,,,1.0,True
11,53,,,1.0,True
11,54,,,1.0,True
11,55,,,1.0,True
11,56,,,1.0,True
11,57,,,1.0,True
11,58,,,1.0,True
11,59,,,1.0,True
11,60,,,1.0,True
11,61,,,1.0,True
12,0,,Soupasoo,0.0,False
12,1,,,1.0,True
12,2,,,1.0,True
12,3,,,1.0,True
12,4,,,1.0,True
12,5,,,1.0,True
12,6,,,1.0,True
12,7,,,1.0,True
12,8,,,1.0,True
12,9,,,1.0,True
12,10,,,1.0,True
12,11,,,1.0,True
12,12,,,1.0,True
12,13,,,1.0,True
12,14,,,1.0,True
12,15,,,1.0,True
12,16,,,1.0,True
12,17,,,1.0,True
12,18,,,1.0,True
12,19,,,1.0,True
12,20,,,1.0,True
12,21,,,1.0,True
12,22,,,1.0,True
12,23,,,1.0,True
12,24,,,1.0,True
12,25,,,1.0,True
12,26,,,1.0,True
12,27,,,1.0,True
12,28,,,1.0,True
12,29,,,1.0,True
12,30,,,1.0,True
12,31,,,1.0,True
12,32,,,1.0,True
12,33,,,1.0,True
12,34,tt,,0.0,False
12,35,,,1.0,True
12,36,,,1.0,True
12,37,,,1.0,True
12,38,,,1.0,True
12,39,,,1.0,True
12,40,,,1.0,True
12,41,,,1.0,True
12,42,,,1.0,True
12,43,,,1.0,True
12,44,,,1.0,True
12,45,,,1.0,True
12,46,,,1.0,True
12,47,,,1.0,True
12,48,,,1.0,True
12,49,,,1.0,True
12,50,,,1.0,True
12,51,,,1.0,True
12,52,,,1.0,True
12,53,,,1.0,True
12,54,,,1.0,True
12,55,,,1.0,True
12,56,,,1.0,True
12,57,,,1.0,True
12,58,,,1.0,True
12,59,,,1.0,True
12,60,,,1.0,True
12,61,,,1.0,True
13,0,jebisnt Instrumento,esisnuo Instrumento,0.842,False
13,1,,,1.0,True
13,2,,,1.0,True
13,3,,,1.0,True
13,4,,,1.0,True
13,5,,,1.0,True
13,6,,,1.0,True
13,7,,,1.0,True
13,8,,,1.0,True
13,9,,,1.0,True
13,10,,,1.0,True
13,11,,,1.0,True
13,12,,,1.0,True
13,13,,,1.0,True
13,14,,,1.0,True
13,15,,,1.0,True
13,16,,,1.0,True
13,17,,,1.0,True
13,18,,,1.0,True
13,19,,,1.0,True
13,20,,,1.0,True
13,21,,,1.0,True
13,22,,,1.0,True
13,23,,,1.0,True
13,24,,,1.0,True
13,25,,,1.0,True
13,26,,,1.0,True
13,27,,,1.0,True
13,28,,,1.0,True
13,29,,,1.0,True
13,30,,,1.0,True
13,31,,,1.0,True
13,32,,,1.0,True
13,33,,,1.0,True
13,34,,,1.0,True
13,35,,,1.0,True
13,36,,,1.0,True
13,37,,,1.0,True
13,38,,,1.0,True
13,39,,,1.0,True
13,40,,,1.0,True
13,41,,,1.0,True
13,42,,,1.0,True
13,43,,,1.0,True
13,44,,,1.0,True
13,45,,,1.0,True
13,46,,,1.0,True
13,47,,,1.0,True
13,48,,,1.0,True
13,49,,,1.0,True
13,50,,,1.0,True
13,51,,,1.0,True
13,52,,,1.0,True
13,53,,,1.0,True
13,54,,,1.0,True
13,55,,,1.0,True
13,56,,,1.0,True
13,57,,,1.0,True
13,58,,,1.0,True
13,59,,,1.0,True
13,60,,,1.0,True
13,61,,,1.0,True
14,0,,Ciuatibea Ciunba,0.0,False
14,1,,,1.0,True
14,2,,,1.0,True
14,3,,,1.0,True
14,4,,,1.0,True
14,5,,,1.0,True
14,6,,,1.0,True
14,7,,,1.0,True
14,8,,,1.0,True
14,9,,,1.0,True
14,10,,,1.0,True
14,11,,,1.0,True
14,12,,,1.0,True
14,13,,,1.0,True
14,14,,,1.0,True
14,15,,,1.0,True
14,16,,,1.0,True
14,17,,,1.0,True
14,18,,,1.0,True
14,19,,,1.0,True
14,20,,,1.0,True
14,21,,,1.0,True
14,22,,,1.0,True
14,23,,,1.0,True
14,24,,,1.0,True
14,25,,,1.0,True
14,26,,,1.0,True
14,27,,,1.0,True
14,28,,,1.0,True
14,29,,,1.0,True
14,30,,,1.0,True
14,31,,,1.0,True
14,32,,,1.0,True
14,33,,,1.0,True
14,34,,,1.0,True
14,35,,,1.0,True
14,36,,,1.0,True
14,37,,,1.0,True
14,38,,,1.0,True
14,39,,,1.0,True
14,40,,,1.0,True
14,41,,,1.0,True
14,42,,,1.0,True
14,43,,,1.0,True
14,44,,,1.0,True
14,45,,,1.0,True
14,46,,,1.0,True
14,47,,,1.0,True
14,48,,,1.0,True
14,49,,,1.0,True
14,50,,,1.0,True
14,51,,,1.0,True
14,52,,,1.0,True
14,53,,,1.0,True
14,54,,,1.0,True
14,55,,,1.0,True
14,56,,,1.0,True
14,57,,,1.0,True
14,58,,,1.0,True
14,59,,,1.0,True
14,60,,,1.0,True
14,61,,,1.0,True
15,0,,Miun6a,0.0,False
15,1,,,1.0,True
15,2,,,1.0,True
15,3,,,1.0,True
15,4,,,1.0,True
15,5,,,1.0,True
15,6,,,1.0,True
15,7,,,1.0,True
15,8,,,1.0,True
15,9,,,1.0,True
15,10,,,1.0,True
15,11,,,1.0,True
15,12,,,1.0,True
15,13,,,1.0,True
15,14,,,1.0,True
15,15,,,1.0,True
15,16,,,1.0,True
15,17,,,1.0,True
15,18,,,1.0,True
15,19,,,1.0,True
15,20,,,1.0,True
15,21,,,1.0,True
15,22,,,1.0,True
15,23,,,1.0,True
15,24,,,1.0,True
15,25,,,1.0,True
15,26,,,1.0,True
15,27,,,1.0,True
15,28,,,1.0,True
15,29,,,1.0,True
15,30,,,1.0,True
15,31,,,1.0,True
15,32,,,1.0,True
15,33,,,1.0,True
15,34,,,1.0,True
15,35,,,1.0,True
15,36,,,1.0,True
15,37,,,1.0,True
15,38,,,1.0,True
15,39,,,1.0,True
15,40,,,1.0,True
15,41,,,1.0,True
15,42,,,1.0,True
15,43,,,1.0,True
15,44,,,1.0,True
15,45,,,1.0,True
15,46,,,1.0,True
15,47,,,1.0,True
15,48,,,1.0,True
15,49,,,1.0,True
15,50,,,1.0,True
15,51,,,1.0,True
15,52,,,1.0,True
15,53,,,1.0,True
15,54,,,1.0,True
15,55,,,1.0,True
15,56,,,1.0,True
15,57,,,1.0,True
15,58,,,1.0,True
15,59,,,1.0,True
15,60,,,1.0,True
15,61,,,1.0,True
16,0,Reutilizado/,Orauo1 Reutilzador,0.667,False
16,1,,,1.0,True
16,2,,,1.0,True
16,3,,,1.0,True
16,4,,,1.0,True
16,5,,,1.0,True
16,6,,,1.0,True
16,7,,,1.0,True
16,8,,,1.0,True
16,9,,,1.0,True
16,10,,,1.0,True
16,11,,,1.0,True
16,12,,,1.0,True
16,13,,,1.0,True
16,14,,,1.0,True
16,15,,,1.0,True
16,16,,,1.0,True
16,17,,,1.0,True
16,18,,,1.0,True
16,19,,,1.0,True
16,20,,,1.0,True
16,21,,,1.0,True
16,22,,,1.0,True
16,23,,,1.0,True
16,24,,,1.0,True
16,25,,,1.0,True
16,26,,,1.0,True
16,27,,,1.0,True
16,28,,,1.0,True
16,29,,,1.0,True
16,30,,,1.0,True
16,31,,,1.0,True
16,32,,,1.0,True
16,33,,,1.0,True
16,34,,,1.0,True
16,35,,,1.0,True
16,36,,,1.0,True
16,37,,,1.0,True
16,38,,,1.0,True
16,39,,,1.0,True
16,40,,,1.0,True
16,41,,,1.0,True
16,42,,,1.0,True
16,43,,,1.0,True
16,44,,,1.0,True
16,45,,,1.0,True
16,46,,,1.0,True
16,47,,,1.0,True
16,48,,,1.0,True
16,49,,,1.0,True
16,50,,,1.0,True
16,51,,,1.0,True
16,52,,,1.0,True
16,53,,,1.0,True
16,54,,,1.0,True
16,55,,,1.0,True
16,56,,,1.0,True
16,57,,,1.0,True
16,58,,,1.0,True
16,59,,,1.0,True
16,60,,,1.0,True
16,61,,,1.0,True
17,0,Apendice,Apéndice,0.875,False
17,1,,,1.0,True
17,2,,,1.0,True
17,3,,,1.0,True
17,4,,,1.0,True
17,5,,,1.0,True
17,6,,,1.0,True
17,7,,,1.0,True
17,8,,,1.0,True
17,9,,,1.0,True
17,10,,,1.0,True
17,11,,,1.0,True
17,12,,,1.0,True
17,13,,,1.0,True
17,14,,,1.0,True
17,15,,,1.0,True
17,16,,,1.0,True
17,17,,,1.0,True
17,18,,,1.0,True
17,19,,,1.0,True
17,20,,,1.0,True
17,21,,,1.0,True
17,22,,,1.0,True
17,23,,,1.0,True
17,24,,,1.0,True
17,25,,,1.0,True
17,26,,,1.0,True
17,27,,,1.0,True
17,28,,,1.0,True
17,29,,,1.0,True
17,30,,,1.0,True
17,31,,,1.0,True
17,32,,,1.0,True
17,33,,,1.0,True
17,34,,,1.0,True
17,35,,,1.0,True
17,36,,,1.0,True
17,37,,,1.0,True
17,38,,,1.0,True
17,39,,,1.0,True
17,40,,,1.0,True
17,41,,,1.0,True
17,42,,,1.0,True
17,43,,,1.0,True
17,44,,,1.0,True
17,45,,,1.0,True
17,46,,,1.0,True
17,47,,,1.0,True
17,48,,,1.0,True
17,49,,,1.0,True
17,50,,,1.0,True
17,51,,,1.0,True
17,52,,,1.0,True
17,53,,,1.0,True
17,54,,,1.0,True
17,55,,,1.0,True
17,56,,,1.0,True
17,57,,,1.0,True
17,58,,,1.0,True
17,59,,,1.0,True
17,60,,,1.0,True
17,61,,,1.0,True
18,0,Podos,Podos,1.0,True
18,1,,,1.0,True
18,2,,,1.0,True
18,3,,,1.0,True
18,4,,,1.0,True
18,5,,,1.0,True
18,6,,,1.0,True
18,7,,,1.0,True
18,8,,,1.0,True
18,9,,,1.0,True
18,10,,,1.0,True
18,11,,,1.0,True
18,12,,,1.0,True
18,13,,,1.0,True
18,14,,,1.0,True
18,15,,,1.0,True
18,16,,,1.0,True
18,17,,,1.0,True
18,18,,,1.0,True
18,19,,,1.0,True
18,20,,,1.0,True
18,21,,,1.0,True
18,22,,,1.0,True
18,23,,,1.0,True
18,24,,,1.0,True
18,25,,,1.0,True
18,26,,,1.0,True
18,27,,,1.0,True
18,28,,,1.0,True
18,29,,,1.0,True
18,30,,,1.0,True
18,31,,,1.0,True
18,32,,,1.0,True
18,33,,,1.0,True
18,34,,,1.0,True
18,35,,,1.0,True
18,36,,,1.0,True
18,37,,,1.0,True
18,38,,,1.0,True
18,39,,,1.0,True
18,40,,,1.0,True
18,41,,,1.0,True
18,42,,,1.0,True
18,43,,,1.0,True
18,44,,,1.0,True
18,45,,,1.0,True
18,46,,,1.0,True
18,47,,,1.0,True
18,48,,,1.0,True
18,49,,,1.0,True
18,50,,,1.0,True
18,51,,,1.0,True
18,52,,,1.0,True
18,53,,,1.0,True
18,54,,,1.0,True
18,55,,,1.0,True
18,56,,,1.0,True
18,57,,,1.0,True
18,58,,,1.0,True
18,59,,,1.0,True
18,60,,,1.0,True
18,61,,,1.0,True
19,0,Pico,Pico,1.0,True
19,1,,,1.0,True
19,2,,,1.0,True
19,3,,,1.0,True
19,4,,,1.0,True
19,5,,,1.0,True
19,6,,,1.0,True
19,7,,,1.0,True
19,8,,,1.0,True
19,9,,,1.0,True
19,10,,,1.0,True
19,11,,,1.0,True
19,12,,,1.0,True
19,13,,,1.0,True
19,14,,,1.0,True
19,15,,,1.0,True
19,16,,,1.0,True
19,17,,,1.0,True
19,18,,,1.0,True
19,19,,,1.0,True
19,20,,,1.0,True
19,21,,,1.0,True
19,22,,,1.0,True
19,23,,,1.0,True
19,24,,,1.0,True
19,25,,,1.0,True
19,26,,,1.0,True
19,27,,,1.0,True
19,28,,,1.0,True
19,29,,,1.0,True
19,30,,,1.0,True
19,31,,,1.0,True
19,32,,,1.0,True
19,33,,,1.0,True
19,34,,,1.0,True
19,35,,,1.0,True
19,36,,,1.0,True
19,37,,,1.0,True
19,38,,,1.0,True
19,39,,,1.0,True
19,40,,,1.0,True
19,41,,,1.0,True
19,42,,,1.0,True
19,43,,,1.0,True
19,44,,,1.0,True
19,45,,,1.0,True
19,46,,,1.0,True
19,47,,,1.0,True
19,48,,,1.0,True
19,49,,,1.0,True
19,50,,,1.0,True
19,51,,,1.0,True
19,52,,,1.0,True
19,53,,,1.0,True
19,54,,,1.0,True
19,55,,,1.0,True
19,56,,,1.0,True
19,57,,,1.0,True
19,58,,,1.0,True
19,59,,,1.0,True
19,60,,,1.0,True
19,61,,,1.0,True
20,0,Asa,Eso,0.333,False
20,1,,,1.0,True
20,2,,,1.0,True
20,3,,,1.0,True
20,4,,,1.0,True
20,5,,,1.0,True
20,6,,,1.0,True
20,7,,,1.0,True
20,8,,,1.0,True
20,9,,,1.0,True
20,10,,,1.0,True
20,11,,,1.0,True
20,12,,,1.0,True
20,13,,,1.0,True
20,14,,,1.0,True
20,15,,,1.0,True
20,16,,,1.0,True
20,17,,,1.0,True
20,18,,,1.0,True
20,19,,,1.0,True
20,20,,,1.0,True
20,21,,,1.0,True
20,22,,,1.0,True
20,23,,,1.0,True
20,24,,,1.0,True
20,25,,,1.0,True
20,26,,,1.0,True
20,27,,,1.0,True
20,28,,,1.0,True
20,29,,,1.0,True
20,30,,,1.0,True
20,31,,,1.0,True
20,32,,,1.0,True
20,33,,,1.0,True
20,34,,,1.0,True
20,35,,,1.0,True
20,36,,,1.0,True
20,37,,,1.0,True
20,38,,,1.0,True
20,39,,,1.0,True
20,40,,,1.0,True
20,41,,,1.0,True
20,42,,,1.0,True
20,43,,,1.0,True
20,44,,,1.0,True
20,45,,,1.0,True
20,46,,,1.0,True
20,47,,,1.0,True
20,48,,,1.0,True
20,49,,,1.0,True
20,50,,,1.0,True
20,51,,,1.0,True
20,52,,,1.0,True
20,53,,,1.0,True
20,54,,,1.0,True
20,55,,,1.0,True
20,56,,,1.0,True
20,57,,,1.0,True
20,58,,,1.0,True
20,59,,,1.0,True
20,60,,,1.0,True
20,61,,,1.0,True
21,0,Pedestal,Ciuaudey Pedestal,0.64,False
21,1,,,1.0,True
21,2,,,1.0,True
21,3,,,1.0,True
21,4,,,1.0,True
21,5,,,1.0,True
21,6,,,1.0,True
21,7,,,1.0,True
21,8,,,1.0,True
21,9,,,1.0,True
21,10,,,1.0,True
21,11,,,1.0,True
21,12,,,1.0,True
21,13,,,1.0,True
21,14,,,1.0,True
21,15,,,1.0,True
21,16,,,1.0,True
21,17,,,1.0,True
21,18,,,1.0,True
21,19,,,1.0,True
21,20,,,1.0,True
21,21,,,1.0,True
21,22,,,1.0,True
21,23,,,1.0,True
21,24,,,1.0,True
21,25,,,1.0,True
21,26,,,1.0,True
21,27,,,1.0,True
21,28,,,1.0,True
21,29,,,1.0,True
21,30,,,1.0,True
21,31,,,1.0,True
21,32,,,1.0,True
21,33,,,1.0,True
21,34,,,1.0,True
21,35,,,1.0,True
21,36,,,1.0,True
21,37,,,1.0,True
21,38,,,1.0,True
21,39,,,1.0,True
21,40,,,1.0,True
21,41,,,1.0,True
21,42,,,1.0,True
21,43,,,1.0,True
21,44,,,1.0,True
21,45,,,1.0,True
21,46,,,1.0,True
21,47,,,1.0,True
21,48,,,1.0,True
21,49,,,1.0,True
21,50,,,1.0,True
21,51,,,1.0,True
21,52,,,1.0,True
21,53,,,1.0,True
21,54,,,1.0,True
21,55,,,1.0,True
21,56,,,1.0,True
21,57,,,1.0,True
21,58,,,1.0,True
21,59,,,1.0,True
21,60,,,1.0,True
21,61,,,1.0,True
22,0,,IErsapaa,0.0,False
22,1,,,1.0,True
22,2,,,1.0,True
22,3,,,1.0,True
22,4,,,1.0,True
22,5,,,1.0,True
22,6,,,1.0,True
22,7,,,1.0,True
22,8,,,1.0,True
22,9,,,1.0,True
22,10,,,1.0,True
22,11,,,1.0,True
22,12,,,1.0,True
22,13,,,1.0,True
22,14,,,1.0,True
22,15,,,1.0,True
22,16,,,1.0,True
22,17,,,1.0,True
22,18,,,1.0,True
22,19,,,1.0,True
22,20,,,1.0,True
22,21,,,1.0,True
22,22,,,1.0,True
22,23,,,1.0,True
22,24,,,1.0,True
22,25,,,1.0,True
22,26,,,1.0,True
22,27,,,1.0,True
22,28,,,1.0,True
22,29,,,1.0,True
22,30,,,1.0,True
22,31,,,1.0,True
22,32,,,1.0,True
22,33,,,1.0,True
22,34,,,1.0,True
22,35,,,1.0,True
22,36,,,1.0,True
22,37,,,1.0,True
22,38,,,1.0,True
22,39,,,1.0,True
22,40,,,1.0,True
22,41,,,1.0,True
22,42,,,1.0,True
22,43,,,1.0,True
22,44,,,1.0,True
22,45,,,1.0,True
22,46,,,1.0,True
22,47,,,1.0,True
22,48,,,1.0,True
22,49,,,1.0,True
22,50,,,1.0,True
22,51,,,1.0,True
22,52,,,1.0,True
22,53,,,1.0,True
22,54,,,1.0,True
22,55,,,1.0,True
22,56,,,1.0,True
22,57,,,1.0,True
22,58,,,1.0,True
22,59,,,1.0,True
22,60,,,1.0,True
22,61,,,1.0,True
23,0,Basefragmento,Base Tragmento,0.889,False
23,1,,,1.0,True
23,2,,,1.0,True
23,3,,,1.0,True
23,4,,oJ,0.0,False
23,5,,,1.0,True
23,6,,,1.0,True
23,7,,,1.0,True
23,8,,,1.0,True
23,9,,,1.0,True
23,10,,,1.0,True
23,11,,,1.0,True
23,12,,,1.0,True
23,13,,,1.0,True
23,14,,,1.0,True
23,15,,,1.0,True
23,16,,,1.0,True
23,17,,,1.0,True
23,18,,,1.0,True
23,19,,,1.0,True
23,20,,,1.0,True
23,21,,,1.0,True
23,22,,,1.0,True
23,23,,,1.0,True
23,24,,,1.0,True
23,25,,,1.0,True
23,26,2,9N,0.0,False
23,27,,,1.0,True
23,28,,,1.0,True
23,29,,,1.0,True
23,30,,,1.0,True
23,31,,,1.0,True
23,32,,,1.0,True
23,33,,,1.0,True
23,34,,,1.0,True
23,35,,,1.0,True
23,36,,,1.0,True
23,37,,,1.0,True
23,38,,,1.0,True
23,39,,,1.0,True
23,40,,D2,0.0,False
23,41,,,1.0,True
23,42,,,1.0,True
23,43,,,1.0,True
23,44,,,1.0,True
23,45,,,1.0,True
23,46,,,1.0,True
23,47,3,,0.0,False
23,48,,,1.0,True
23,49,,,1.0,True
23,50,,,1.0,True
23,51,,,1.0,True
23,52,,,1.0,True
23,53,,,1.0,True
23,54,,,1.0,True
23,55,,,1.0,True
23,56,,,1.0,True
23,57,,,1.0,True
23,58,,,1.0,True
23,59,,,1.0,True
23,60,,,1.0,True
23,61,,,1.0,True
24,0,,8s8o,0.0,False
24,1,,,1.0,True
24,2,,,1.0,True
24,3,,,1.0,True
24,4,,,1.0,True
24,5,,,1.0,True
24,6,,,1.0,True
24,7,,,1.0,True
24,8,,,1.0,True
24,9,,,1.0,True
24,10,,,1.0,True
24,11,,,1.0,True
24,12,,,1.0,True
24,13,,,1.0,True
24,14,,,1.0,True
24,15,,,1.0,True
24,16,,,1.0,True
24,17,,,1.0,True
24,18,,,1.0,True
24,19,,,1.0,True
24,20,,,1.0,True
24,21,,,1.0,True
24,22,,,1.0,True
24,23,,,1.0,True
24,24,,,1.0,True
24,25,,,1.0,True
24,26,,,1.0,True
24,27,,,1.0,True
24,28,,,1.0,True
24,29,,,1.0,True
24,30,,,1.0,True
24,31,,,1.0,True
24,32,,,1.0,True
24,33,,,1.0,True
24,34,,,1.0,True
24,35,,,1.0,True
24,36,,,1.0,True
24,37,,,1.0,True
24,38,,,1.0,True
24,39,,,1.0,True
24,40,,,1.0,True
24,41,,,1.0,True
24,42,,,1.0,True
24,43,,,1.0,True
24,44,,,1.0,True
24,45,,,1.0,True
24,46,,,1.0,True
24,47,,,1.0,True
24,48,,,1.0,True
24,49,,,1.0,True
24,50,,,1.0,True
24,51,,,1.0,True
24,52,,,1.0,True
24,53,,,1.0,True
24,54,,,1.0,True
24,55,,,1.0,True
24,56,,,1.0,True
24,57,,,1.0,True
24,58,,,1.0,True
24,59,,,1.0,True
24,60,,,1.0,True
24,61,,,1.0,True
25,0,,SinuoLduur odrano,0.0,False
25,1,,,1.0,True
25,2,,,1.0,True
25,3,,,1.0,True
25,4,,,1.0,True
25,5,,,1.0,True
25,6,,,1.0,True
25,7,,,1.0,True
25,8,,,1.0,True
25,9,,,1.0,True
25,10,,,1.0,True
25,11,,,1.0,True
25,12,,,1.0,True
25,13,,,1.0,True
25,14,,,1.0,True
25,15,,,1.0,True
25,16,,,1.0,True
25,17,,,1.0,True
25,18,,,1.0,True
25,19,,,1.0,True
25,20,,,1.0,True
25,21,,,1.0,True
25,22,,,1.0,True
25,23,,,1.0,True
25,24,,,1.0,True
25,25,,,1.0,True
25,26,,,1.0,True
25,27,,,1.0,True
25,28,,,1.0,True
25,29,,,1.0,True
25,30,,,1.0,True
25,31,,,1.0,True
25,32,,,1.0,True
25,33,,,1.0,True
25,34,,,1.0,True
25,35,,,1.0,True
25,36,,,1.0,True
25,37,,,1.0,True
25,38,,,1.0,True
25,39,,,1.0,True
25,40,,,1.0,True
25,41,,,1.0,True
25,42,,,1.0,True
25,43,,,1.0,True
25,44,,,1.0,True
25,45,,,1.0,True
25,46,,,1.0,True
25,47,,,1.0,True
25,48,,,1.0,True
25,49,,,1.0,True
25,50,,,1.0,True
25,51,,,1.0,True
25,52,,,1.0,True
25,53,,,1.0,True
25,54,,,1.0,True
25,55,,,1.0,True
25,56,,,1.0,True
25,57,,,1.0,True
25,58,,,1.0,True
25,59,,,1.0,True
25,60,,,1.0,True
25,61,,,1.0,True
26,0,PC Cuerpo deco sin,PC Cuereo doco Sin,0.833,False
26,1,,,1.0,True
26,2,,,1.0,True
26,3,,,1.0,True
26,4,,,1.0,True
26,5,,,1.0,True
26,6,,,1.0,True
26,7,,,1.0,True
26,8,,,1.0,True
26,9,,,1.0,True
26,10,,,1.0,True
26,11,,,1.0,True
26,12,,,1.0,True
26,13,,,1.0,True
26,14,,,1.0,True
26,15,,,1.0,True
26,16,,,1.0,True
26,17,,,1.0,True
26,18,,,1.0,True
26,19,,,1.0,True
26,20,,Do,0.0,False
26,21,,91,0.0,False
26,22,,,1.0,True
26,23,,,1.0,True
26,24,,,1.0,True
26,25,,,1.0,True
26,26,,,1.0,True
26,27,,,1.0,True
26,28,,,1.0,True
26,29,,,1.0,True
26,30,,,1.0,True
26,31,,,1.0,True
26,32,,,1.0,True
26,33,,,1.0,True
26,34,,,1.0,True
26,35,,,1.0,True
26,36,,,1.0,True
26,37,,,1.0,True
26,38,,,1.0,True
26,39,,,1.0,True
26,40,,,1.0,True
26,41,,,1.0,True
26,42,,,1.0,True
26,43,,,1.0,True
26,44,,,1.0,True
26,45,,,1.0,True
26,46,,,1.0,True
26,47,,,1.0,True
26,48,,,1.0,True
26,49,,,1.0,True
26,50,,,1.0,True
26,51,,,1.0,True
26,52,,,1.0,True
26,53,,,1.0,True
26,54,,,1.0,True
26,55,,,1.0,True
26,56,,,1.0,True
26,57,,,1.0,True
26,58,3,,0.0,False
26,59,,,1.0,True
26,60,,,1.0,True
26,61,,,1.0,True
27,0,PC Cuerpo.decocon,PC Cuerbo Ceco con,0.8,False
27,1,,,1.0,True
27,2,,,1.0,True
27,3,,,1.0,True
27,4,,,1.0,True
27,5,,,1.0,True
27,6,,,1.0,True
27,7,,,1.0,True
27,8,,,1.0,True
27,9,,,1.0,True
27,10,,,1.0,True
27,11,,,1.0,True
27,12,,,1.0,True
27,13,,,1.0,True
27,14,,,1.0,True
27,15,,,1.0,True
27,16,,,1.0,True
27,17,,,1.0,True
27,18,,,1.0,True
27,19,,,1.0,True
27,20,,,1.0,True
27,21,,,1.0,True
27,22,,,1.0,True
27,23,,,1.0,True
27,24,,,1.0,True
27,25,,,1.0,True
27,26,,,1.0,True
27,27,,,1.0,True
27,28,,,1.0,True
27,29,,,1.0,True
27,30,,,1.0,True
27,31,,,1.0,True
27,32,,,1.0,True
27,33,,,1.0,True
27,34,,,1.0,True
27,35,,,1.0,True
27,36,,,1.0,True
27,37,,,1.0,True
27,38,,,1.0,True
27,39,,,1.0,True
27,40,,,1.0,True
27,41,,,1.0,True
27,42,,,1.0,True
27,43,,,1.0,True
27,44,,,1.0,True
27,45,,,1.0,True
27,46,,,1.0,True
27,47,,,1.0,True
27,48,,,1.0,True
27,49,,,1.0,True
27,50,,,1.0,True
27,51,,,1.0,True
27,52,,,1.0,True
27,53,,,1.0,True
27,54,,,1.0,True
27,55,,,1.0,True
27,56,,,1.0,True
27,57,,,1.0,True
27,58,,,1.0,True
27,59,,,1.0,True
27,60,,,1.0,True
27,61,,,1.0,True
28,0,sin.PC cuerponodeco,SinPo Cuerro no deco,0.718,False
28,1,,,1.0,True
28,2,,3o,0.0,False
28,3,,,1.0,True
28,4,M,,0.0,False
28,5,,,1.0,True
28,6,,,1.0,True
28,7,,,1.0,True
28,8,,,1.0,True
28,9,,,1.0,True
28,10,,,1.0,True
28,11,,,1.0,True
28,12,,,1.0,True
28,13,,,1.0,True
28,14,,,1.0,True
28,15,,,1.0,True
28,16,,,1.0,True
28,17,,,1.0,True
28,18,,,1.0,True
28,19,,,1.0,True
28,20,,,1.0,True
28,21,,,1.0,True
28,22,,,1.0,True
28,23,,co,0.0,False
28,24,,,1.0,True
28,25,,,1.0,True
28,26,8,,0.0,False
28,27,,,1.0,True
28,28,,,1.0,True
28,29,,,1.0,True
28,30,,,1.0,True
28,31,,,1.0,True
28,32,,,1.0,True
28,33,,D,0.0,False
28,34,6,o,0.0,False
28,35,,,1.0,True
28,36,,,1.0,True
28,37,,,1.0,True
28,38,,,1.0,True
28,39,,,1.0,True
28,40,,,1.0,True
28,41,,90,0.0,False
28,42,,,1.0,True
28,43,19,19,1.0,True
28,44,,,1.0,True
28,45,,,1.0,True
28,46,,,1.0,True
28,47,,D,0.0,False
28,48,,E,0.0,False
28,49,3,o,0.0,False
28,50,,,1.0,True
28,51,,,1.0,True
28,52,,,1.0,True
28,53,,,1.0,True
28,54,,,1.0,True
28,55,,,1.0,True
28,56,,,1.0,True
28,57,,,1.0,True
28,58,,,1.0,True
28,59,,,1.0,True
28,60,,,1.0,True
28,61,,,1.0,True
29,0,onop/ou.odson,DCLoD 0nop ou odaano,0.545,False
29,1,,,1.0,True
29,2,,,1.0,True
29,3,,,1.0,True
29,4,,,1.0,True
29,5,5,,0.0,False
29,6,,,1.0,True
29,7,,,1.0,True
29,8,,,1.0,True
29,9,2,N,0.0,False
29,10,,,1.0,True
29,11,,,1.0,True
29,12,,,1.0,True
29,13,,,1.0,True
29,14,,,1.0,True
29,15,,,1.0,True
29,16,,,1.0,True
29,17,,,1.0,True
29,18,,,1.0,True
29,19,,,1.0,True
29,20,,,1.0,True
29,21,,,1.0,True
29,22,,,1.0,True
29,23,,,1.0,True
29,24,,,1.0,True
29,25,,,1.0,True
29,26,,,1.0,True
29,27,,,1.0,True
29,28,,,1.0,True
29,29,,,1.0,True
29,30,,,1.0,True
29,31,,,1.0,True
29,32,,,1.0,True
29,33,,,1.0,True
29,34,,,1.0,True
29,35,,,1.0,True
29,36,,,1.0,True
29,37,,,1.0,True
29,38,,,1.0,True
29,39,,,1.0,True
29,40,,,1.0,True
29,41,,,1.0,True
29,42,,,1.0,True
29,43,,,1.0,True
29,44,,,1.0,True
29,45,,,1.0,True
29,46,,,1.0,True
29,47,,,1.0,True
29,48,,,1.0,True
29,49,,,1.0,True
29,50,,,1.0,True
29,51,,,1.0,True
29,52,,,1.0,True
29,53,,,1.0,True
29,54,,,1.0,True
29,55,,,1.0,True
29,56,,,1.0,True
29,57,,,1.0,True
29,58,,,1.0,True
29,59,,,1.0,True
29,60,,,1.0,True
29,61,,,1.0,True
30,0,(.10%)) Bordedecorado,C19no Borde Mncoraoo,0.585,False
30,1,,,1.0,True
30,2,,,1.0,True
30,3,,,1.0,True
30,4,,,1.0,True
30,5,,,1.0,True
30,6,,,1.0,True
30,7,,,1.0,True
30,8,,,1.0,True
30,9,,,1.0,True
30,10,,,1.0,True
30,11,,,1.0,True
30,12,,,1.0,True
30,13,,,1.0,True
30,14,,,1.0,True
30,15,,,1.0,True
30,16,,,1.0,True
30,17,,,1.0,True
30,18,,,1.0,True
30,19,,,1.0,True
30,20,,,1.0,True
30,21,,,1.0,True
30,22,,,1.0,True
30,23,,,1.0,True
30,24,,,1.0,True
30,25,,,1.0,True
30,26,,,1.0,True
30,27,,,1.0,True
30,28,,,1.0,True
30,29,,,1.0,True
30,30,,,1.0,True
30,31,,,1.0,True
30,32,,,1.0,True
30,33,,,1.0,True
30,34,,,1.0,True
30,35,,,1.0,True
30,36,,,1.0,True
30,37,,,1.0,True
30,38,,,1.0,True
30,39,,,1.0,True
30,40,,,1.0,True
30,41,,,1.0,True
30,42,,,1.0,True
30,43,,,1.0,True
30,44,,,1.0,True
30,45,,,1.0,True
30,46,,,1.0,True
30,47,,,1.0,True
30,48,,,1.0,True
30,49,,,1.0,True
30,50,,,1.0,True
30,51,,,1.0,True
30,52,,,1.0,True
30,53,,,1.0,True
30,54,,,1.0,True
30,55,,,1.0,True
30,56,,,1.0,True
30,57,,,1.0,True
30,58,,,1.0,True
30,59,,,1.0,True
30,60,,,1.0,True
30,61,,,1.0,True
31,0,(+10%),Ee1orel 9PeaoaeP Rpaoe,0.071,False
31,1,,,1.0,True
31,2,,,1.0,True
31,3,,,1.0,True
31,4,,o,0.0,False
31,5,,,1.0,True
31,6,,,1.0,True
31,7,,,1.0,True
31,8,,,1.0,True
31,9,6,o,0.0,False
31,10,,,1.0,True
31,11,,,1.0,True
31,12,,,1.0,True
31,13,,,1.0,True
31,14,,D,0.0,False
31,15,,,1.0,True
31,16,,,1.0,True
31,17,,,1.0,True
31,18,,,1.0,True
31,19,,,1.0,True
31,20,,,1.0,True
31,21,,,1.0,True
31,22,,,1.0,True
31,23,,,1.0,True
31,24,,,1.0,True
31,25,,,1.0,True
31,26,,,1.0,True
31,27,,,1.0,True
31,28,,,1.0,True
31,29,,,1.0,True
31,30,,,1.0,True
31,31,,,1.0,True
31,32,,,1.0,True
31,33,,,1.0,True
31,34,,,1.0,True
31,35,,,1.0,True
31,36,2,N,0.0,False
31,37,,,1.0,True
31,38,,,1.0,True
31,39,,,1.0,True
31,40,,,1.0,True
31,41,,,1.0,True
31,42,,,1.0,True
31,43,,,1.0,True
31,44,,,1.0,True
31,45,,,1.0,True
31,46,,,1.0,True
31,47,,,1.0,True
31,48,,,1.0,True
31,49,,,1.0,True
31,50,,,1.0,True
31,51,,,1.0,True
31,52,,,1.0,True
31,53,,,1.0,True
31,54,,,1.0,True
31,55,,,1.0,True
31,56,,,1.0,True
31,57,,,1.0,True
31,58,,,1.0,True
31,59,,,1.0,True
31,60,2,N,0.0,False
31,61,,,1.0,True
32,0,decorado10% Borde.no,Dccoraoo ra0noo Boroeno,0.605,False
32,1,,,1.0,True
32,2,,,1.0,True
32,3,,,1.0,True
32,4,,,1.0,True
32,5,,,1.0,True
32,6,,,1.0,True
32,7,,,1.0,True
32,8,,,1.0,True
32,9,,,1.0,True
32,10,,,1.0,True
32,11,,,1.0,True
32,12,,,1.0,True
32,13,,,1.0,True
32,14,,,1.0,True
32,15,2,CA,0.0,False
32,16,,,1.0,True
32,17,,,1.0,True
32,18,,,1.0,True
32,19,,,1.0,True
32,20,,,1.0,True
32,21,,,1.0,True
32,22,,,1.0,True
32,23,,,1.0,True
32,24,,,1.0,True
32,25,,,1.0,True
32,26,,,1.0,True
32,27,,,1.0,True
32,28,,,1.0,True
32,29,,,1.0,True
32,30,,,1.0,True
32,31,,,1.0,True
32,32,,,1.0,True
32,33,,,1.0,True
32,34,,,1.0,True
32,35,2,,0.0,False
32,36,,,1.0,True
32,37,,,1.0,True
32,38,,,1.0,True
32,39,2,AN,0.0,False
32,40,2,N,0.0,False
32,41,,,1.0,True
32,42,,,1.0,True
32,43,,,1.0,True
32,44,,,1.0,True
32,45,,,1.0,True
32,46,,,1.0,True
32,47,,,1.0,True
32,48,,D,0.0,False
32,49,,,1.0,True
32,50,,,1.0,True
32,51,,,1.0,True
32,52,,,1.0,True
32,53,,,1.0,True
32,54,,,1.0,True
32,55,,,1.0,True
32,56,,,1.0,True
32,57,,,1.0,True
32,58,,,1.0,True
32,59,,,1.0,True
32,60,,,1.0,True
32,61,,,1.0,True
33,0,decorado(+10%) ou.apioa,decorado rP1ona 90epioa,0.609,False
33,1,,,1.0,True
33,2,,,1.0,True
33,3,,,1.0,True
33,4,,,1.0,True
33,5,,,1.0,True
33,6,,,1.0,True
33,7,,,1.0,True
33,8,,,1.0,True
33,9,,,1.0,True
33,10,,,1.0,True
33,11,,,1.0,True
33,12,,,1.0,True
33,13,,,1.0,True
33,14,,,1.0,True
33,15,,,1.0,True
33,16,,,1.0,True
33,17,,,1.0,True
33,18,2,,0.0,False
33,19,,,1.0,True
33,20,,D E,0.0,False
33,21,,,1.0,True
33,22,,,1.0,True
33,23,,,1.0,True
33,24,,,1.0,True
33,25,,,1.0,True
33,26,,,1.0,True
33,27,,,1.0,True
33,28,,,1.0,True
33,29,,,1.0,True
33,30,,,1.0,True
33,31,,,1.0,True
33,32,,,1.0,True
33,33,,,1.0,True
33,34,5,o,0.0,False
33,35,,,1.0,True
33,36,,,1.0,True
33,37,,,1.0,True
33,38,,,1.0,True
33,39,,,1.0,True
33,40,,,1.0,True
33,41,,,1.0,True
33,42,,,1.0,True
33,43,,,1.0,True
33,44,,,1.0,True
33,45,,,1.0,True
33,46,,2,0.0,False
33,47,,,1.0,True
33,48,,,1.0,True
33,49,,,1.0,True
33,50,,,1.0,True
33,51,,,1.0,True
33,52,,,1.0,True
33,53,,,1.0,True
33,54,,,1.0,True
33,55,,,1.0,True
33,56,,,1.0,True
33,57,,,1.0,True
33,58,,,1.0,True
33,59,,,1.0,True
33,60,,,1.0,True
33,61,,,1.0,True
34,0,,Menus,0.0,False
34,1,674,674,1.0,True
34,2,,,1.0,True
34,3,,,1.0,True
34,4,,,1.0,True
34,5,,,1.0,True
34,6,,,1.0,True
34,7,,,1.0,True
34,8,,,1.0,True
34,9,,,1.0,True
34,10,,,1.0,True
34,11,,,1.0,True
34,12,,,1.0,True
34,13,,,1.0,True
34,14,,,1.0,True
34,15,,,1.0,True
34,16,,,1.0,True
34,17,,,1.0,True
34,18,,,1.0,True
34,19,,,1.0,True
34,20,,,1.0,True
34,21,,,1.0,True
34,22,,,1.0,True
34,23,,,1.0,True
34,24,,,1.0,True
34,25,,,1.0,True
34,26,,,1.0,True
34,27,,,1.0,True
34,28,,,1.0,True
34,29,,,1.0,True
34,30,,,1.0,True
34,31,,,1.0,True
34,32,,,1.0,True
34,33,,,1.0,True
34,34,,,1.0,True
34,35,,,1.0,True
34,36,,,1.0,True
34,37,,,1.0,True
34,38,,,1.0,True
34,39,,,1.0,True
34,40,,,1.0,True
34,41,,,1.0,True
34,42,,,1.0,True
34,43,,,1.0,True
34,44,,,1.0,True
34,45,,,1.0,True
34,46,,,1.0,True
34,47,,,1.0,True
34,48,,,1.0,True
34,49,,,1.0,True
34,50,,,1.0,True
34,51,,,1.0,True
34,52,,,1.0,True
34,53,,,1.0,True
34,54,,,1.0,True
34,55,,,1.0,True
34,56,,,1.0,True
34,57,,,1.0,True
34,58,,,1.0,True
34,59,,,1.0,True
34,60,,,1.0,True
34,61,,,1.0,True
35,0,reconstruida,Eeeonstnuiela elisea,0.5,False
35,1,,,1.0,True
35,2,,,1.0,True
35,3,,,1.0,True
35,4,,,1.0,True
35,5,,,1.0,True
35,6,,,1.0,True
35,7,,,1.0,True
35,8,,,1.0,True
35,9,,,1.0,True
35,10,,,1.0,True
35,11,,,1.0,True
35,12,,,1.0,True
35,13,,,1.0,True
35,14,,,1.0,True
35,15,,,1.0,True
35,16,,,1.0,True
35,17,,,1.0,True
35,18,,,1.0,True
35,19,,,1.0,True
35,20,,,1.0,True
35,21,,,1.0,True
35,22,,,1.0,True
35,23,,,1.0,True
35,24,,,1.0,True
35,25,,,1.0,True
35,26,,,1.0,True
35,27,,,1.0,True
35,28,,,1.0,True
35,29,,,1.0,True
35,30,,,1.0,True
35,31,,,1.0,True
35,32,,,1.0,True
35,33,,,1.0,True
35,34,,,1.0,True
35,35,,,1.0,True
35,36,,,1.0,True
35,37,,,1.0,True
35,38,,,1.0,True
35,39,,,1.0,True
35,40,,,1.0,True
35,41,,,1.0,True
35,42,,,1.0,True
35,43,,,1.0,True
35,44,,,1.0,True
35,45,,,1.0,True
35,46,,,1.0,True
35,47,,,1.0,True
35,48,,,1.0,True
35,49,,,1.0,True
35,50,,,1.0,True
35,51,,,1.0,True
35,52,,,1.0,True
35,53,,,1.0,True
35,54,,,1.0,True
35,55,,,1.0,True
35,56,,,1.0,True
35,57,,,1.0,True
35,58,,,1.0,True
35,59,,,1.0,True
35,60,,,1.0,True
35,61,,,1.0,True
36,0,Vasija.completa,Vasla completa,0.828,False
36,1,,,1.0,True
36,2,,,1.0,True
36,3,,,1.0,True
36,4,,,1.0,True
36,5,,,1.0,True
36,6,,,1.0,True
36,7,,,1.0,True
36,8,,,1.0,True
36,9,,,1.0,True
36,10,,,1.0,True
36,11,,,1.0,True
36,12,,,1.0,True
36,13,,,1.0,True
36,14,,,1.0,True
36,15,,,1.0,True
36,16,,,1.0,True
36,17,,,1.0,True
36,18,,,1.0,True
36,19,,,1.0,True
36,20,,,1.0,True
36,21,,,1.0,True
36,22,,,1.0,True
36,23,,,1.0,True
36,24,,,1.0,True
36,25,,,1.0,True
36,26,,,1.0,True
36,27,,,1.0,True
36,28,,,1.0,True
36,29,,,1.0,True
36,30,,,1.0,True
36,31,,,1.0,True
36,32,,,1.0,True
36,33,,,1.0,True
36,34,,,1.0,True
36,35,,,1.0,True
36,36,,,1.0,True
36,37,,,1.0,True
36,38,,,1.0,True
36,39,,,1.0,True
36,40,,,1.0,True
36,41,,,1.0,True
36,42,,,1.0,True
36,43,,,1.0,True
36,44,,,1.0,True
36,45,,,1.0,True
36,46,,,1.0,True
36,47,,,1.0,True
36,48,,,1.0,True
36,49,,,1.0,True
36,50,,,1.0,True
36,51,,,1.0,True
36,52,,,1.0,True
36,53,,,1.0,True
36,54,,,1.0,True
36,55,,,1.0,True
36,56,,,1.0,True
36,57,,,1.0,True
36,58,,,1.0,True
36,59,,,1.0,True
36,60,,,1.0,True
36,61,,,1.0,True
37,0,,,1.0,True
37,1,Cat-variedad,Catavariedao,0.833,False
37,2,,,1.0,True
37,3,A Panzaleo,A Panzaleo,1.0,True
37,4,Colonia,Colonia,1.0,True
37,5,,,1.0,True
37,6,,,1.0,True
37,7,,,1.0,True
37,8,,,1.0,True
37,9,PANZAL,PANZAL,1.0,True
37,10,,,1.0,True
37,11,,,1.0,True
37,12,,,1.0,True
37,13,,,1.0,True
37,14,,D,0.0,False
37,15,,,1.0,True
37,16,,D,0.0,False
37,17,,,1.0,True
37,18,,,1.0,True
37,19,,D,0.0,False
37,20,,,1.0,True
37,21,,,1.0,True
37,22,,D,0.0,False
37,23,,LJ,0.0,False
37,24,E,L,0.0,False
37,25,,0,0.0,False
37,26,,,1.0,True
37,27,,,1.0,True
37,28,,,1.0,True
37,29,,,1.0,True
37,30,,,1.0,True
37,31,,,1.0,True
37,32,,,1.0,True
37,33,,,1.0,True
37,34,,D,0.0,False
37,35,,,1.0,True
37,36,,,1.0,True
37,37,,,1.0,True
37,38,,,1.0,True
37,39,,,1.0,True
37,40,,,1.0,True
37,41,,,1.0,True
37,42,,,1.0,True
37,43,,,1.0,True
37,44,a,,0.0,False
37,45,,,1.0,True
37,46,,,1.0,True
37,47,,,1.0,True
37,48,,,1.0,True
37,49,,,1.0,True
37,50,,,1.0,True
37,51,,,1.0,True
37,52,,,1.0,True
37,53,,,1.0,True
37,54,,,1.0,True
37,55,,,1.0,True
37,56,,,1.0,True
37,57,,,1.0,True
37,58,,,1.0,True
37,59,,,1.0,True
37,60,,,1.0,True
37,61,,,1.0,True
38,0,,,1.0,True
38,1,CATALOGO,CATALOGO,1.0,True
38,2,,B,0.0,False
38,3,,o,0.0,False
38,4,,D,0.0,False
38,5,5,,0.0,False
38,6,,3,0.0,False
38,7,,3,0.0,False
38,8,54,54,1.0,True
38,9,,,1.0,True
38,10,,,1.0,True
38,11,,,1.0,True
38,12,,,1.0,True
38,13,,,1.0,True
38,14,,,1.0,True
38,15,,,1.0,True
38,16,,B,0.0,False
38,17,60,60,1.0,True
38,18,,D,0.0,False
38,19,6,D,0.0,False
38,20,6,,0.0,False
38,21,,D,0.0,False
38,22,,o,0.0,False
38,23,6,,0.0,False
38,24,,O,0.0,False
38,25,,D,0.0,False
38,26,6,O,0.0,False
38,27,,D,0.0,False
38,28,,O,0.0,False
38,29,,D,0.0,False
38,30,,,1.0,True
38,31,,,1.0,True
38,32,,8,0.0,False
38,33,&,,0.0,False
38,34,63,63,1.0,True
38,35,,E,0.0,False
38,36,,8,0.0,False
38,37,,8,0.0,False
38,38,67,67,1.0,True
38,39,,8,0.0,False
38,40,,8,0.0,False
38,41,,,1.0,True
38,42,,,1.0,True
38,43,,,1.0,True
38,44,2,,0.0,False
38,45,,N,0.0,False
38,46,,,1.0,True
38,47,74,74,1.0,True
38,48,,o,0.0,False
38,49,,,1.0,True
38,50,,K,0.0,False
38,51,,,1.0,True
38,52,08,08,1.0,True
38,53,,,1.0,True
38,54,82,82,1.0,True
38,55,,,1.0,True
38,56,,D8,0.0,False
38,57,,,1.0,True
38,58,,8,0.0,False
38,59,,Do,0.0,False
38,60,88,88,1.0,True
38,61,68,68,1.0,True
